{
    "rmse": 0.8640558211497887,
    "r2": -0.06403219699859619
}