{
    "rmse": 0.9269347295810012,
    "r2": -0.2245300842591611
}