{
    "rmse": 0.8115259074467714,
    "r2": 0.06140998705594336
}