{
    "accuracy": 0.694560669456067,
    "precision": 0.7080491132332879,
    "recall": 0.8693467336683417,
    "f1-score": 0.7804511278195488,
    "ROC-AUC": 0.7482071452900529
}